2019-Blockzilla,Website
21,ahram.org.eg
23,alwafd.news
1,ameblo.jp
8,allegro.pl
15,9gag.com
1,17ok.com
1,1337x.to
0,ca.gov
1,baidu.com
0,archive.org
4,animeflv.net
1,bongacams.com
1,bitly.com
2,axieinfinity.com
5,chaturbate.com
17,cjdropshipping.com
5,as.com
2,bet9ja.com
15,coinmarketcap.com
1,crypto.com
1,depositphotos.com
1,cloudways.com
1,codepen.io
16,crowdworks.jp
1,envato.com
1,dnevnik.ru
1,disqus.com
1,donya-e-eqtesad.com
1,evernote.com
18,eksisozluk.com
1,divar.ir
1,discordapp.com
6,elementor.com
1,duckduckgo.com
14,elpais.com
4,fc2.com
3,getadblock.com
9,fril.jp
7,freshdesk.com
3,fontawesome.com
1,github.com
9,genius.com
1,ftx.com
15,kumparan.com
5,heavy.com
3,hootsuite.com
3,imgur.com
7,hbomax.com
6,go.com
7,mailchimp.com
2,lenta.ru
1,myworkdayjobs.com
4,meesho.com
5,monday.com
1,namnak.com
1,leetcode.com
1,medium.com
1,mail.ru
4,metamask.io
3,padlet.com
2,pngtree.com
1,parsfootball.com
30,nypost.com
10,patch.com
1,opensea.io
5,nextdoor.com
1,pixabay.com
3,onlyfans.com
17,quillbot.com
3,quizlet.com
1,protonmail.com
2,renren.com
3,rezka.ag
1,poki.com
21,prnt.sc
1,rctiplus.com
5,razorpay.com
2,shopee.tw
1,shopee.com.my
1,roozaneh.net
3,shopee.co.id
1,shaparak.ir
3,shopee.co.th
13,ria.ru
11,seekingalpha.com
1,shareasale.com
8,slack.com
1,soso.com
3,stackoverflow.com
3,shopee.vn
8,squareup.com
2,stackexchange.com
5,sourceforge.net
4,smallpdf.com
1,steamcommunity.com
7,slickdeals.net
5,soundcloud.com
3,spankbang.com
15,techcrunch.com
1,stripchat.com
1,tejaratnews.com
1,telegram.org
1,t66y.com
1,themeforest.net
8,sxyprn.com
8,stockx.com
3,taleo.net
3,telewebion.com
1,tamin.ir
2,teachable.com
15,unsplash.com
1,u.gg
9,trello.com
1,trustwallet.com
4,vimeo.com
49,uidai.gov.in
1,thepiratebay.org
2,uchi.ru
1,torob.com
3,wazirx.com
3,web.de
2,vk.com
3,vnexpress.net
2,258.com
0,163.com
3,wordpress.org
1,wetransfer.com
3,weather.com
1,360.cn
6,wordpress.com
28,accuweather.com
8,academia.edu
1,addthis.com
1,9384.com
7,abs-cbn.com
3,6.cn
3,52pk.com
1,51sole.com
18,51yes.com
1,alipay.com
26,albawabhnews.com
6,alibaba.com
9,adp.com
1,agoda.com
79,airbnb.com
3,amazon.ca
8,amazon.co.jp
2,amazon.com.au
2,amazon.com.br
12,allrecipes.com
1,alodokter.com
8,amazon.it
9,amazon.in
10,amazon.es
3,americanexpress.com
8,amazon.de
8,amazon.fr
4,android.com
1,ask.com
9,att.com
1,asus.com
5,asos.com
29,aol.com
55,babytree.com
1,asriran.com
2,atlassian.com
3,babyschool.com.cn
7,apple.com
1,bedbathandbeyond.com
1,bankofamerica.com
8,bhaskar.com
1,bbc.co.uk
1,bet365.com
10,bestbuy.com
4,bbc.com
3,biobiochile.cl
10,bloomberg.com
1,bhphotovideo.com
34,bilibili.com
1,bing.com
16,biblegateway.com
4,breitbart.com
23,bukalapak.com
3,bolasport.com
7,bluehost.com
8,booking.com
26,businessinsider.com
10,capitalone.com
1,bybit.com
1,canva.com
26,cbssports.com
7,cambridge.org
2,chaduo.com
1,chess.com
1,chinanetrank.com
9,chegg.com
1,chouftv.ma
5,chase.com
4,cj.com
12,chron.com
3,cnet.com
1,cnblogs.com
6,cnbc.com
33,cnbeta.com
3,cloudflare.com
1,clickfunnels.com
21,coursehero.com
1,coupang.com
3,cricbuzz.com
3,costco.com
3,coinbase.com
11,cnnindonesia.com
25,cnn.com
7,codelist.cc
30,crunchyroll.com
1,dailymotion.com
8,daum.net
6,dangdang.com
1,cvs.com
18,csdn.net
1,cuevana3.io
73,dcinside.com
1,delgarm.com
1,dell.com
12,detik.com
22,deviantart.com
1,dianping.com
3,delta.com
13,digikala.com
1,doordash.com
9,dstv.com
5,dmm.co.jp
8,douban.com
6,dostor.org
15,dropbox.com
2,docin.com
13,ebay.co.uk
9,eatthis.com
18,ebay.com.au
11,ebay.de
13,ebay.com
3,ebc.net.tw
5,ebay-kleinanzeigen.de
25,elwatannews.com
17,elbalad.news
1,eghtesadnews.com
1,eee114.com
2,ecer.com
4,ensonhaber.com
12,espn.com
20,espncricinfo.com
7,etsy.com
7,expedia.com
9,etoro.com
1,facebook.com
1,fardanews.com
6,farfetch.com
11,fandom.com
13,ettoday.net
7,flipkart.com
13,formula1.com
2,fidelity.com
1,flickr.com
2,filimo.com
9,fiverr.com
5,flashscore.com
4,fool.com
22,forbes.com
3,gmx.net
0,gismeteo.ru
4,freecodecamp.org
5,freepik.com
5,foxnews.com
1,globo.com
14,geeksforgeeks.org
1,freelancer.com
11,globalsources.com
2,gap.com
4,google.co.id
4,google.co.th
9,goodreads.com
4,google.co.ve
4,google.az
4,google.co.kr
4,google.co.in
4,google.co.uk
4,google.ca
1,google.cn
1,gome.com.cn
4,google.com.sg
4,google.com.eg
3,google.com
4,google.com.br
4,google.com.hk
4,google.com.ar
4,google.com.mx
4,google.com.sa
4,google.com.tr
4,google.com.au
4,google.fr
1,gosuslugi.ru
4,google.com.tw
4,google.es
4,google.pl
4,google.ro
4,google.com.ua
4,google.it
4,google.ru
4,google.de
2,google.com.vn
4,google.dz
4,google.gr
12,grammarly.com
7,hostgator.com
1,hotstar.com
2,hepsiburada.com
7,gsmarena.com
9,hdfcbank.com
6,hindustantimes.com
8,healthline.com
1,haiwainet.cn
13,hao123.com
2,gusuwang.com
2,icicibank.com
0,ih5.cn
1,huim.com
2,ibicn.com
8,ign.com
1,house365.com
6,idntimes.com
7,indiatimes.com
3,iliangcang.com
1,ilovepdf.com
2,instagram.com
11,in.gr
4,iherb.com
1,info.com
6,instructure.com
8,imdb.com
21,inquirer.net
1,indeed.com
3,indiamart.com
1,ikea.com
15,ionos.com
6,investing.com
3,iqiyi.com
3,istockphoto.com
11,irs.gov
11,irctc.co.in
3,intuit.com
6,investopedia.com
15,jd.com
1,jawapos.com
1,it168.com
2,jotform.com
1,jianshu.com
2,iweihai.cn
3,japanpost.jp
0,jiameng.com
12,iyiou.com
27,kompas.com
1,lazada.co.th
13,kapanlagi.com
12,kooora.com
1,kohls.com
4,kickstarter.com
2,kdslife.com
11,ladbible.com
1,lazada.sg
1,kuronekoyamato.co.jp
12,liputan6.com
3,livejournal.com
9,livescore.com
8,ltn.com.tw
1,lenovo.com
2,lowes.com
11,leboncoin.fr
1,liansuo.com
13,lyst.com
10,macys.com
2,matchesfashion.com
1,marca.com
1,mercadolibre.com.ar
2,mercadolivre.com.br
5,mediafire.com
15,mercari.com
7,medicalnewstoday.com
1,mehrnews.com
1,meituan.com
2,mercadolibre.com.mx
18,mathrubhumi.com
13,merdeka.com
1,momoshop.com.tw
8,metropoles.com
1,mihoyo.com
4,msn.com
1,messenger.com
12,microsoft.com
1,mit.edu
11,merriam-webster.com
1,myntra.com
1,morningpost.com.cn
5,mheducation.com
16,moneycontrol.com
1,namasha.com
8,mytheresa.com
6,n11.com
5,naver.com
7,ndtv.com
19,nba.com
4,naukri.com
3,namecheap.com
5,nih.gov
4,netflix.com
11,noon.com
3,nike.com
1,nicovideo.jp
10,news18.com
8,npr.org
2,nfl.com
21,nikkei.com
2,okta.com
11,ouedkniss.com
6,op.gg
4,nytimes.com
0,oeeee.com
15,olx.in
1,okezone.com
6,office.com
1,onlinesbi.com
6,otto.de
1,oschina.net
1,patreon.com
1,ozon.ru
10,outbrain.com
21,pchome.com.tw
1,panda.tv
2,pcbaby.com.cn
2,overstock.com
9,pinterest.com
5,pcmag.com
1,pixnet.net
6,pikiran-rakyat.com
6,pexels.com
14,pornhub.com
3,people.com.cn
1,primevideo.com
1,qq.com
2,rakuten.co.jp
1,qoo10.sg
6,premierleague.com
18,proiezionidiborsa.it
11,redbubble.com
3,remove.bg
7,realtor.com
4,redfin.com
7,rakuten.com
4,rambler.ru
8,reddit.com
2,rednet.cn
1,researchgate.net
4,rt.com
24,reuters.com
14,rottentomatoes.com
2,rokna.net
3,roblox.com
6,schwab.com
1,sciencedirect.com
16,salesforce.com
1,runoob.com
3,sahibinden.com
19,setn.com
10,sarkariresult.com
5,seznam.cz
11,scribd.com
8,shein.com
5,shopify.com
1,sindonews.com
1,shopbop.com
1,shutterfly.com
1,shippingchina.com
1,shopstyle.com
17,sina.com.cn
1,shutterstock.com
8,speedtest.net
1,sq.cn
7,sohu.com
4,squarespace.com
1,southcn.com
1,sonhoo.com
12,sportbible.com
13,sporx.com
1,so.com
11,slideshare.net
11,softonic.com
1,sogou.com
3,suara.com
10,surveymonkey.com
2,ssense.com
5,taboola.com
1,substack.com
4,t-mobile.com
8,thesaurus.com
4,theepochtimes.com
2,ticketmaster.com
3,taobao.com
3,thingiverse.com
4,target.com
1,tianya.cn
6,tripadvisor.com
3,tistory.com
1,trustpilot.com
12,tokopedia.com
6,trendyol.com
1,tudou.com
7,tradingview.com
1,tiktok.com
1,united.com
18,uol.com.br
3,ubereats.com
1,twitch.tv
1,tutorialspoint.com
1,udemy.com
4,ultimate-guitar.com
3,upwork.com
0,uptodown.com
1,turkiye.gov.tr
6,tumblr.com
10,usatoday.com
7,usps.com
5,usnews.com
7,vidio.com
1,visitbeijing.com.cn
24,washingtonpost.com
6,walmart.com
1,w3school.com.cn
7,wellsfargo.com
12,webmd.com
1,wikimedia.org
2,whatsapp.com
13,weebly.com
3,w3schools.com
7,walgreens.com
1,vvvdj.com
0,xinhuanet.com
4,xabbs.com
10,xfinity.com
7,wix.com
2,wp.pl
10,wsj.com
17,worldometers.info
1,wikipedia.org
8,wish.com
1,ximalaya.com
1,xnxx.com
12,youporn.com
1,yahoo.com
1,zhanqi.tv
14,yoox.com
5,youtube.com
14,youm7.com
21,yeniakit.com.tr
6,zendesk.com
4,yelp.com
1,xvideos.com
1,zhiding.cn
6,yy.com
1,yahoo.co.jp
1,zara.com
4,zhihu.com
5,yandex.ru
2,cnnic.cn
1,xhamsterlive.com
22,zhibo8.cc
3,homedepot.com
1,zerodha.com
0,y2mate.com
1,canada.ca
3,zol.com.cn
6,zoom.us
16,zillow.com
2,xhamster.com
11,verizon.com
2,hp.com
2,zoho.com
